UserId,Password,Name,PhoneNumber,EmailAddress,SearchTerms
1,W3LiiD,Rosabelle,82981728,rvitler0@squidoo.com,"Darter, african"
2,uGEVKdD,Sax,87790504,sbelmont1@mediafire.com,"Puma, south american"
3,wnuUZA,Den,97581197,dstegel2@ucoz.ru,Rhesus macaque
4,Mld1oPtAP3,Sigmund,95011782,sjennick3@economist.com,Black-tailed prairie dog
5,ito39HQF,Diarmid,89793746,dsavill4@is.gd,"Caiman, spectacled"
6,OQ1aymsL9k,Bev,81741204,bbygraves5@si.edu,Scarlet macaw
7,5Vwhlu,Nat,85130117,nalwin6@ucla.edu,"Deer, barasingha"
8,enPLnx,Ailis,93973344,aoshiel7@biglobe.ne.jp,"Dragon, western bearded"
9,SYVbAlQGtXUI,Urbano,88867996,uloughran8@nifty.com,Urial
10,eomBjhoSsvM,Nikaniki,95670105,nnanson9@phoca.cz,Groundhog
11,oEQUE7QcY,Oberon,94540491,ojeandona@imdb.com,"Wallaby, red-necked"
12,cIEZKJ3oG,Abdul,89828853,ahasemanb@chicagotribune.com,"Deer, savannah"
13,Yr9Dn3AEq,Brennan,80463136,bbehrensc@devhub.com,Four-striped grass mouse
14,JhkfAWb8M6,Garold,86703077,galeshintsevd@imgur.com,Black swan
15,Wqkvtn4,Charline,97987962,cmcraveye@answers.com,Flying fox (unidentified)
16,XhO9XtSH,Viviyan,82970248,vcoverlyf@alexa.com,Malay squirrel (unidentified)
17,SCuEbkd4AFsn,Rowe,85243569,rpaskeg@accuweather.com,"Nighthawk, common"
18,IqdqLWw,Ruthi,96974646,rbottomleyh@cdc.gov,Asiatic jackal
19,pM4eCVc9r,Warner,82882000,wfiveashi@qq.com,Springbok
20,LUshg9tNUDf,Weylin,97357300,wlunckj@ebay.com,"Fox, pampa gray"
